Date,Open,High,Low,Close,Adj Close,Volume
2023-08-28,9167.97,9239.6,9121.32,9152.6,9152.6,37686426
2023-08-29,9171.07,9195.33,9079.0,9141.43,9141.43,114226714
2023-08-30,9232.6,9269.26,9153.75,9209.56,9209.56,35340110
2023-08-31,9380.86,9439.7,9355.72,9367.96,9367.96,112307454
2023-09-01,9344.7,9360.38,9327.44,9346.66,9346.66,26240327
2023-09-04,9278.95,9388.67,9272.3,9325.42,9325.42,49915838
2023-09-05,9503.91,9526.08,9407.38,9491.68,9491.68,76620918
2023-09-06,9580.98,9582.69,9555.45,9575.02,9575.02,99966125
2023-09-07,9536.32,9613.33,9479.51,9528.55,9528.55,49839934
2023-09-08,9551.74,9644.31,9487.14,9588.47,9588.47,102992103
2023-09-11,9511.63,9577.63,9439.23,9542.58,9542.58,105346315
2023-09-12,9526.67,9565.26,9443.83,9496.66,9496.66,38235532
2023-09-13,9523.7,9534.38,9493.74,9524.83,9524.83,105313277
2023-09-14,9348.34,9402.03,9257.72,9329.26,9329.26,50436906
2023-09-15,9157.44,9203.95,9132.13,9156.66,9156.66,33022270
2023-09-18,9103.75,9106.55,9025.22,9102.93,9102.93,43916796
2023-09-19,9030.13,9049.49,8954.51,9004.78,9004.78,41709264
2023-09-20,9024.68,9070.0,8968.92,9038.67,9038.67,51478135
2023-09-21,8954.11,8962.01,8944.55,8951.53,8951.53,60322851
2023-09-22,8803.95,8832.36,8779.82,8816.18,8816.18,40638676
2023-09-25,8950.47,8999.24,8943.31,8962.16,8962.16,26918863
2023-09-26,8934.31,8946.46,8911.9,8942.61,8942.61,44693539
2023-09-27,8957.9,9005.93,8901.92,8951.94,8951.94,73938971
2023-09-28,8802.72,8944.14,8738.97,8815.38,8815.38,102932341
2023-09-29,8798.4,8817.61,8749.61,8765.38,8765.38,26257838
2023-10-02,8755.15,8818.39,8697.1,8778.71,8778.71,46099300
2023-10-03,8666.01,8773.31,8648.09,8670.87,8670.87,110301341
2023-10-04,8697.9,8753.36,8686.58,8709.39,8709.39,103744525
2023-10-05,8692.2,8719.11,8612.93,8654.63,8654.63,30601417
2023-10-06,8634.58,8723.41,8588.2,8629.49,8629.49,48116038
2023-10-09,8601.68,8602.58,8560.4,8575.14,8575.14,106087660
2023-10-10,8715.26,8786.14,8713.14,8754.28,8754.28,59028092
2023-10-11,8762.62,8770.63,8754.17,8755.6,8755.6,39787044
2023-10-12,8680.02,8739.69,8624.09,8656.92,8656.92,57706524
2023-10-13,8740.38,8768.61,8728.16,8738.22,8738.22,114064834
2023-10-16,8651.81,8686.39,8584.39,8624.25,8624.25,87178382
2023-10-17,8633.26,8667.55,8594.83,8646.68,8646.68,104062435
2023-10-18,8500.61,8541.13,8421.0,8464.82,8464.82,47082158
2023-10-19,8402.1,8407.25,8267.52,8344.55,8344.55,112394931
2023-10-20,8356.04,8433.1,8317.21,8365.15,8365.15,41978898
2023-10-23,8424.63,8449.54,8361.59,8435.91,8435.91,60784489
2023-10-24,8491.22,8501.94,8426.88,8454.36,8454.36,110573844
2023-10-25,8486.17,8498.55,8442.62,8446.15,8446.15,85034404
2023-10-26,8407.53,8486.56,8346.6,8420.74,8420.74,63640858
2023-10-27,8276.94,8323.98,8238.79,8287.38,8287.38,39553590
2023-10-30,8217.54,8227.69,8176.29,8224.49,8224.49,89427484
2023-10-31,8152.36,8192.76,8143.91,8185.38,8185.38,85091864
2023-11-01,8260.77,8415.85,8257.9,8283.6,8283.6,98058309
2023-11-02,8292.41,8329.89,8262.48,8317.46,8317.46,32063550
2023-11-03,8141.36,8190.83,8134.17,8160.16,8160.16,94409123
2023-11-06,8190.91,8209.22,8168.52,8191.76,8191.76,26295425
2023-11-07,8165.31,8212.2,8148.5,8159.58,8159.58,29472917
2023-11-08,8139.16,8143.77,8033.69,8101.48,8101.48,22429151
2023-11-09,8134.18,8217.29,8079.67,8158.62,8158.62,84617617
2023-11-10,8278.52,8316.57,8200.52,8254.15,8254.15,83808437
2023-11-13,8336.29,8369.51,8301.7,8341.64,8341.64,34700387
2023-11-14,8266.25,8344.91,8232.71,8267.47,8267.47,115943709
2023-11-15,8258.56,8303.15,8194.55,8241.87,8241.87,92630316
2023-11-16,8246.57,8292.95,8212.81,8274.44,8274.44,61505238
2023-11-17,8375.82,8429.47,8301.89,8366.22,8366.22,112776481
2023-11-20,8328.89,8331.72,8278.01,8324.74,8324.74,45492108
2023-11-21,8322.52,8358.01,8272.12,8310.25,8310.25,90886205
2023-11-22,8219.31,8239.23,8170.4,8212.19,8212.19,51278965
2023-11-23,8166.99,8201.55,8096.26,8107.27,8107.27,62211548
2023-11-24,8166.86,8208.84,8144.34,8182.51,8182.51,24585315
2023-11-27,8294.75,8350.77,8280.63,8307.99,8307.99,67614485
2023-11-28,8288.38,8317.8,8272.19,8303.9,8303.9,108862643
2023-11-29,8384.6,8415.54,8328.99,8398.59,8398.59,88879267
2023-11-30,8418.47,8474.88,8374.39,8434.6,8434.6,68291558
2023-12-01,8407.35,8425.16,8328.48,8377.47,8377.47,94677234
2023-12-04,8449.22,8536.35,8403.71,8413.36,8413.36,41706642
2023-12-05,8544.83,8605.17,8542.97,8559.48,8559.48,119235365
2023-12-06,8537.31,8559.71,8471.95,8558.68,8558.68,113551173
2023-12-07,8722.19,8783.78,8687.47,8709.87,8709.87,20506995
2023-12-08,8450.97,8468.37,8426.8,8465.0,8465.0,89294318
2023-12-11,8560.66,8580.03,8541.78,8544.44,8544.44,59816526
2023-12-12,8560.4,8605.87,8507.09,8555.19,8555.19,78259896
2023-12-13,8490.87,8547.92,8476.69,8529.66,8529.66,89181587
2023-12-14,8580.48,8588.51,8516.72,8540.83,8540.83,92336392
2023-12-15,8403.67,8445.09,8316.02,8358.63,8358.63,81555999
2023-12-18,8325.63,8390.48,8324.65,8340.96,8340.96,70897283
2023-12-19,8366.56,8484.76,8359.27,8376.31,8376.31,70859057
2023-12-20,8523.45,8548.15,8506.55,8516.14,8516.14,114455633
2023-12-21,8478.77,8492.58,8454.62,8470.27,8470.27,80321284
2023-12-22,8414.39,8422.57,8392.28,8397.8,8397.8,20287635
2023-12-25,8404.46,8419.3,8319.58,8354.08,8354.08,20583510
2023-12-26,8436.68,8455.44,8418.25,8441.16,8441.16,102467453
2023-12-27,8453.99,8486.8,8386.08,8474.28,8474.28,36760394
2023-12-28,8392.7,8434.67,8319.28,8427.57,8427.57,91831204
2023-12-29,8459.24,8533.68,8400.81,8477.83,8477.83,103853589
2024-01-01,8488.59,8532.16,8433.74,8489.43,8489.43,84513977
2024-01-02,8629.15,8678.34,8553.35,8582.95,8582.95,35845187
2024-01-03,8506.25,8575.58,8484.85,8519.47,8519.47,108665052
2024-01-04,8497.07,8502.09,8480.18,8491.37,8491.37,110221867
2024-01-05,8456.94,8547.09,8444.5,8457.36,8457.36,100443169
2024-01-08,8354.48,8379.87,8315.04,8324.8,8324.8,50186120
2024-01-09,8417.8,8472.39,8321.72,8354.46,8354.46,39838558
2024-01-10,8367.65,8381.96,8338.76,8381.0,8381.0,104486278
2024-01-11,8371.68,8425.88,8333.33,8383.99,8383.99,56635794
2024-01-12,8391.09,8412.27,8330.1,8364.89,8364.89,75026153
2024-01-15,8254.99,8289.69,8235.37,8238.14,8238.14,73979613
2024-01-16,8248.01,8270.56,8173.21,8202.57,8202.57,54595998
2024-01-17,8188.47,8198.26,8146.28,8174.15,8174.15,33627775
2024-01-18,8096.03,8119.63,8035.83,8104.76,8104.76,70147490
2024-01-19,8107.17,8123.05,8069.35,8092.83,8092.83,85743288
2024-01-22,8158.36,8195.99,8121.58,8131.31,8131.31,50418772
2024-01-23,8324.72,8391.95,8283.53,8304.28,8304.28,115999164
2024-01-24,8335.4,8348.83,8303.09,8322.74,8322.74,75413150
2024-01-25,8375.57,8426.54,8345.68,8348.85,8348.85,55173714
2024-01-26,8373.79,8437.49,8313.53,8344.52,8344.52,90542942
2024-01-29,8206.58,8247.55,8152.99,8172.69,8172.69,97332767
2024-01-30,8188.67,8206.34,8122.19,8172.76,8172.76,41219187
2024-01-31,8176.53,8197.15,8141.0,8180.63,8180.63,58405257
2024-02-01,8411.55,8412.56,8370.54,8407.84,8407.84,111209857
2024-02-02,8422.97,8461.03,8360.56,8392.59,8392.59,96384571
2024-02-05,8402.36,8436.66,8400.76,8423.0,8423.0,59149527
2024-02-06,8431.63,8481.33,8393.54,8422.31,8422.31,27438096
2024-02-07,8307.41,8366.62,8298.72,8317.23,8317.23,23053407
2024-02-08,8425.7,8445.27,8379.77,8424.97,8424.97,49311119
2024-02-09,8530.08,8538.66,8397.06,8497.49,8497.49,105303311
2024-02-12,8579.24,8591.4,8540.63,8574.33,8574.33,80251437
2024-02-13,8492.71,8503.71,8432.9,8491.53,8491.53,26818922
2024-02-14,8590.97,8651.47,8577.92,8626.17,8626.17,66270592
2024-02-15,8515.74,8535.96,8466.06,8496.72,8496.72,37929098
2024-02-16,8570.87,8608.21,8544.43,8554.31,8554.31,44895828
2024-02-19,8822.44,8881.82,8701.86,8765.56,8765.56,60553798
2024-02-20,8665.16,8678.65,8607.16,8673.17,8673.17,89580185
2024-02-21,8627.56,8711.21,8592.02,8621.9,8621.9,45256241
2024-02-22,8640.4,8683.62,8607.79,8633.94,8633.94,35393675
2024-02-23,8629.48,8658.72,8515.0,8588.83,8588.83,58177374
2024-02-26,8443.69,8467.81,8359.57,8446.11,8446.11,29449168
2024-02-27,8462.09,8469.69,8422.61,8455.02,8455.02,84052448
2024-02-28,8374.54,8389.22,8336.33,8359.3,8359.3,119698011
2024-02-29,8410.19,8430.76,8369.35,8405.48,8405.48,52250847
2024-03-01,8312.25,8349.81,8296.16,8323.4,8323.4,75050560
2024-03-04,8473.99,8521.01,8467.14,8469.06,8469.06,118004955
2024-03-05,8425.98,8443.24,8397.86,8398.93,8398.93,85985129
2024-03-06,8345.95,8381.83,8265.85,8371.73,8371.73,63866822
2024-03-07,8452.89,8481.32,8448.94,8449.52,8449.52,32998017
2024-03-08,8320.88,8417.6,8292.18,8338.39,8338.39,57451369
2024-03-11,8391.77,8397.33,8341.17,8361.79,8361.79,113683479
2024-03-12,8446.66,8526.78,8385.69,8485.43,8485.43,69987331
2024-03-13,8325.23,8385.37,8272.92,8339.21,8339.21,59052395
2024-03-14,8368.13,8373.17,8324.69,8358.67,8358.67,24102553
2024-03-15,8424.5,8516.02,8373.42,8385.12,8385.12,48266442
2024-03-18,8458.41,8495.92,8446.58,8460.08,8460.08,64674343
2024-03-19,8334.35,8370.6,8301.41,8348.25,8348.25,95543722
2024-03-20,8276.78,8280.53,8216.34,8230.34,8230.34,33474284
2024-03-21,8244.24,8293.95,8220.72,8280.21,8280.21,63293890
2024-03-22,8254.98,8317.71,8215.02,8309.8,8309.8,70806795
2024-03-25,8346.23,8375.83,8321.42,8335.22,8335.22,106903273
2024-03-26,8356.96,8387.79,8331.37,8369.56,8369.56,82606106
2024-03-27,8284.22,8331.0,8239.27,8309.68,8309.68,22112368
2024-03-28,8351.15,8361.98,8299.04,8333.44,8333.44,47609269
2024-03-29,8368.97,8399.89,8239.54,8362.85,8362.85,60373185
2024-04-01,8285.84,8325.42,8234.28,8299.89,8299.89,87985200
2024-04-02,8441.98,8514.17,8384.95,8474.53,8474.53,43213953
2024-04-03,8543.68,8590.07,8465.03,8521.37,8521.37,75229755
2024-04-04,8429.37,8451.96,8392.69,8412.96,8412.96,25782197
2024-04-05,8473.96,8510.73,8450.77,8476.48,8476.48,117978397
2024-04-08,8435.07,8450.56,8365.58,8388.6,8388.6,33317715
2024-04-09,8436.91,8541.88,8426.16,8464.08,8464.08,99007515
2024-04-10,8535.97,8584.8,8530.62,8575.22,8575.22,99806232
2024-04-11,8483.06,8515.55,8469.15,8500.7,8500.7,98967903
2024-04-12,8592.67,8594.68,8588.98,8593.84,8593.84,52308604
2024-04-15,8641.85,8654.95,8539.72,8635.54,8635.54,40849083
2024-04-16,8710.29,8751.46,8700.28,8716.6,8716.6,43888169
2024-04-17,8912.45,8984.48,8865.15,8903.05,8903.05,82632743
2024-04-18,8848.37,8928.51,8840.62,8881.71,8881.71,68617184
2024-04-19,8849.19,8896.43,8679.51,8811.02,8811.02,21418060
2024-04-22,8725.7,8769.32,8709.66,8727.85,8727.85,41005303
2024-04-23,8681.47,8755.73,8638.91,8652.47,8652.47,24639022
2024-04-24,8656.62,8661.14,8607.87,8647.73,8647.73,45657039
2024-04-25,8694.75,8702.08,8661.89,8682.85,8682.85,72600341
2024-04-26,8726.82,8729.88,8693.63,8711.93,8711.93,44465875
2024-04-29,8806.01,8857.17,8767.51,8794.2,8794.2,79628273
2024-04-30,8815.06,8855.93,8707.63,8798.09,8798.09,79042154
2024-05-01,8978.24,8988.94,8892.01,8942.58,8942.58,104571418
2024-05-02,8924.52,8968.03,8898.14,8919.26,8919.26,86147880
2024-05-03,9212.48,9235.56,9150.35,9192.93,9192.93,61997785
2024-05-06,9256.7,9267.97,9230.99,9259.19,9259.19,21683032
2024-05-07,9214.69,9260.82,9132.91,9175.05,9175.05,117107265
2024-05-08,9051.92,9192.92,9033.03,9070.33,9070.33,42009867
2024-05-09,9170.61,9201.69,9107.87,9121.33,9121.33,103629479
2024-05-10,9100.57,9131.43,9056.17,9101.67,9101.67,25954632
2024-05-13,9136.8,9260.18,9094.84,9176.19,9176.19,78765512
2024-05-14,9230.39,9253.98,9169.37,9226.85,9226.85,102028383
2024-05-15,9203.38,9285.56,9200.85,9222.22,9222.22,56900577
2024-05-16,9162.51,9168.81,9107.03,9139.46,9139.46,79972646
2024-05-17,8973.52,9033.96,8917.06,8991.13,8991.13,47381819
2024-05-20,8937.78,9021.9,8928.08,8949.76,8949.76,106536512
2024-05-21,8985.95,9096.59,8972.09,9037.18,9037.18,91284146
2024-05-22,9048.91,9135.5,8939.11,9061.2,9061.2,92564347
2024-05-23,8875.55,8973.74,8856.34,8940.56,8940.56,43641763
2024-05-24,8917.72,8963.68,8856.3,8960.3,8960.3,99015319
2024-05-27,9021.59,9093.85,8975.64,9001.06,9001.06,83058842
2024-05-28,8937.66,8948.66,8871.11,8916.64,8916.64,56128129
2024-05-29,8945.82,8983.54,8841.12,8934.41,8934.41,52532126
2024-05-30,8916.88,9039.89,8846.17,8942.82,8942.82,118286785
2024-05-31,8832.47,8841.51,8749.45,8833.74,8833.74,102320668
2024-06-03,8871.14,8876.7,8788.15,8871.23,8871.23,86075147
2024-06-04,8897.78,8953.43,8880.44,8928.81,8928.81,81766811
2024-06-05,9079.29,9081.27,8999.29,9038.53,9038.53,61450835
2024-06-06,9170.73,9248.45,9122.2,9146.65,9146.65,26097020
2024-06-07,9005.82,9039.84,8887.13,9011.79,9011.79,21196311
2024-06-10,8922.7,8931.38,8921.83,8921.98,8921.98,101619860
2024-06-11,8980.97,9014.31,8960.65,8975.36,8975.36,49609865
2024-06-12,8973.63,9088.53,8932.16,9028.94,9028.94,86341485
2024-06-13,9076.22,9110.74,9030.21,9082.96,9082.96,50760593
2024-06-14,9459.62,9480.77,9455.57,9479.01,9479.01,30675927
2024-06-17,9512.92,9562.07,9468.9,9541.59,9541.59,101416865
2024-06-18,9656.27,9697.88,9643.94,9664.42,9664.42,67322239
2024-06-19,9821.99,9891.05,9725.57,9769.3,9769.3,102716985
2024-06-20,9861.43,9865.53,9822.42,9842.51,9842.51,21462603
2024-06-21,9794.56,9885.19,9745.8,9811.38,9811.38,98518263
2024-06-24,9913.6,9951.27,9864.38,9896.6,9896.6,53691077
2024-06-25,9856.98,9861.04,9773.64,9815.77,9815.77,117511084
2024-06-26,9820.33,9891.9,9781.68,9793.17,9793.17,71983779
2024-06-27,9745.69,9760.76,9742.08,9743.95,9743.95,54741269
2024-06-28,9736.72,9792.34,9666.19,9755.65,9755.65,35116926
2024-07-01,10031.2,10047.21,9995.23,10010.23,10010.23,64378959
2024-07-02,9821.24,9887.07,9807.2,9809.66,9809.66,70385335
2024-07-03,9913.51,10006.46,9757.4,9886.96,9886.96,66992088
2024-07-04,9734.54,9740.14,9662.01,9716.03,9716.03,106376352
2024-07-05,9699.06,9706.83,9597.84,9668.62,9668.62,109059475
2024-07-08,9772.35,9820.92,9723.64,9788.07,9788.07,56183569
2024-07-09,9836.65,9847.14,9784.18,9797.93,9797.93,100296229
2024-07-10,9691.11,9727.54,9600.2,9685.37,9685.37,82595266
2024-07-11,9672.19,9687.61,9594.46,9612.34,9612.34,35614614
2024-07-12,9667.34,9725.93,9648.53,9687.37,9687.37,24776415
2024-07-15,9662.8,9714.79,9610.19,9612.74,9612.74,47205484
2024-07-16,9644.27,9645.3,9579.58,9638.55,9638.55,114294138
2024-07-17,9627.42,9737.97,9574.64,9646.27,9646.27,102322831
2024-07-18,9566.35,9583.16,9536.42,9580.25,9580.25,97468612
2024-07-19,9802.39,9846.57,9737.73,9811.82,9811.82,43985603
2024-07-22,9896.02,9970.91,9873.41,9883.44,9883.44,77223828
2024-07-23,9683.77,9771.08,9629.93,9668.6,9668.6,57416039
2024-07-24,9674.68,9768.12,9671.61,9691.36,9691.36,31917042
2024-07-25,9623.25,9636.81,9563.71,9623.96,9623.96,40901606
2024-07-26,9779.99,9804.87,9695.32,9717.54,9717.54,89765086
2024-07-29,9686.02,9762.6,9634.02,9636.08,9636.08,68189133
2024-07-30,9639.41,9682.55,9624.02,9626.81,9626.81,63070149
2024-07-31,9684.45,9707.84,9642.26,9683.34,9683.34,67375247
2024-08-01,9782.45,9789.63,9669.07,9778.93,9778.93,57821420
2024-08-02,9671.33,9749.29,9624.28,9653.56,9653.56,30176828
2024-08-05,9591.47,9664.14,9581.34,9620.99,9620.99,25459501
2024-08-06,9566.34,9586.59,9508.94,9573.73,9573.73,61129759
2024-08-07,9460.43,9550.4,9437.17,9508.03,9508.03,24013582
2024-08-08,9709.0,9813.46,9606.4,9697.39,9697.39,22872875
2024-08-09,9762.53,9797.63,9713.42,9743.61,9743.61,97327760
2024-08-12,9598.35,9622.43,9567.86,9612.28,9612.28,101683112
2024-08-13,9758.6,9806.77,9654.96,9712.74,9712.74,119513653
2024-08-14,9908.55,9951.65,9877.62,9945.12,9945.12,72173294
2024-08-15,10017.53,10065.6,10008.28,10061.73,10061.73,44747780
2024-08-16,9904.6,9915.73,9868.0,9897.93,9897.93,61592940
2024-08-19,9879.24,9911.35,9739.7,9848.31,9848.31,102743066
2024-08-20,10039.97,10048.44,9944.7,9989.51,9989.51,105482326
2024-08-21,9901.37,9936.93,9838.26,9915.02,9915.02,63762279
2024-08-22,9998.79,10053.3,9934.07,9966.54,9966.54,50071551
2024-08-23,10053.68,10125.77,9996.49,10054.84,10054.84,95303117
2024-08-26,9950.67,9960.73,9940.64,9955.82,9955.82,89578794
2024-08-27,9978.68,9979.62,9951.97,9952.29,9952.29,20131936
2024-08-28,9625.39,9659.47,9577.83,9606.59,9606.59,78557684
2024-08-29,9456.86,9512.88,9425.26,9501.8,9501.8,63922786
2024-08-30,9520.26,9565.63,9443.48,9478.28,9478.28,75173904
2024-09-02,9390.6,9404.08,9348.04,9351.88,9351.88,119242459
2024-09-03,9506.3,9553.34,9484.57,9524.18,9524.18,39247186
2024-09-04,9389.47,9406.44,9310.07,9378.33,9378.33,119718253
2024-09-05,9349.68,9403.15,9302.96,9335.85,9335.85,75394229
2024-09-06,9359.4,9364.48,9315.19,9352.09,9352.09,58866902
2024-09-09,9488.7,9505.97,9484.72,9504.39,9504.39,31924255
2024-09-10,9339.4,9368.0,9273.54,9358.26,9358.26,51785895
2024-09-11,9480.88,9487.7,9461.46,9481.61,9481.61,103341196
2024-09-12,9518.89,9608.46,9444.68,9485.52,9485.52,106464762
2024-09-13,9401.78,9427.58,9320.61,9386.48,9386.48,67701715
2024-09-16,9426.65,9441.52,9393.75,9437.14,9437.14,33936930
2024-09-17,9482.57,9490.15,9439.71,9460.66,9460.66,82110920
2024-09-18,9320.89,9449.53,9298.54,9401.23,9401.23,113896476
2024-09-19,9443.71,9503.47,9397.32,9411.27,9411.27,116878917
2024-09-20,9325.35,9414.88,9303.76,9374.28,9374.28,95689368
2024-09-23,9378.6,9434.32,9369.35,9388.81,9388.81,58837854
2024-09-24,9428.5,9480.48,9413.82,9460.28,9460.28,41384981
2024-09-25,9592.26,9660.78,9510.73,9629.66,9629.66,63026369
2024-09-26,9535.37,9620.01,9451.37,9502.28,9502.28,77489324
2024-09-27,9717.14,9788.87,9707.88,9730.79,9730.79,106266692
2024-09-30,9536.83,9580.66,9482.09,9526.93,9526.93,78954235
2024-10-01,9512.55,9561.49,9463.44,9513.89,9513.89,49969114
2024-10-02,9592.24,9624.4,9559.47,9578.53,9578.53,112552792
2024-10-03,9613.28,9680.21,9524.12,9611.07,9611.07,83993927
2024-10-04,9511.57,9560.26,9501.2,9548.32,9548.32,25219574
2024-10-07,9557.83,9571.62,9488.96,9529.35,9529.35,68521856
2024-10-08,9466.61,9492.99,9435.74,9480.65,9480.65,30387155
2024-10-09,9378.21,9428.54,9327.12,9422.21,9422.21,75901099
2024-10-10,9501.32,9552.11,9464.04,9513.54,9513.54,32433238
2024-10-11,9596.85,9634.93,9536.14,9553.84,9553.84,99622751
2024-10-14,9508.33,9591.46,9417.49,9484.14,9484.14,108677962
2024-10-15,9571.31,9643.82,9570.56,9581.33,9581.33,93971622
2024-10-16,9606.58,9696.6,9563.24,9616.66,9616.66,99826926
2024-10-17,9696.58,9756.05,9652.57,9705.94,9705.94,54550325
2024-10-18,9837.24,9892.66,9702.06,9776.33,9776.33,48362071
2024-10-21,9701.6,9754.52,9665.74,9690.49,9690.49,22670492
2024-10-22,9646.28,9666.1,9584.21,9633.85,9633.85,34223887
2024-10-23,9746.32,9800.2,9684.33,9716.29,9716.29,90086163
2024-10-24,9791.69,9802.21,9742.87,9784.68,9784.68,106820397
2024-10-25,9777.76,9800.43,9724.37,9785.36,9785.36,52329598
2024-10-28,9795.17,9839.15,9751.57,9800.94,9800.94,82023737
2024-10-29,9940.5,10007.78,9931.96,9942.64,9942.64,53119668
2024-10-30,9880.01,9950.07,9852.68,9881.11,9881.11,44928384
2024-10-31,9965.45,9993.46,9885.29,9943.74,9943.74,107126721
2024-11-01,9926.17,9936.56,9880.21,9924.63,9924.63,89824412
2024-11-04,9925.63,10009.18,9874.29,9903.86,9903.86,87887955
2024-11-05,10024.87,10067.7,9977.34,10027.3,10027.3,31765788
2024-11-06,10124.18,10173.02,10098.35,10121.79,10121.79,50725231
2024-11-07,10154.6,10298.36,10085.19,10215.84,10215.84,55261362
2024-11-08,10395.21,10459.36,10322.75,10366.71,10366.71,109853600
2024-11-11,10383.0,10413.76,10308.3,10372.22,10372.22,51766658
2024-11-12,10484.75,10486.13,10424.58,10453.45,10453.45,104850875
2024-11-13,10330.42,10435.56,10298.1,10420.96,10420.96,34284450
2024-11-14,10526.87,10569.48,10424.88,10461.33,10461.33,64526276
2024-11-15,10445.12,10471.65,10414.72,10449.49,10449.49,88687322
2024-11-18,10498.58,10523.45,10450.16,10463.79,10463.79,45435339
2024-11-19,10502.81,10536.44,10474.51,10535.68,10535.68,63563219
2024-11-20,10463.61,10492.19,10391.74,10444.41,10444.41,76313452
2024-11-21,10657.01,10691.14,10552.43,10690.79,10690.79,48963091
2024-11-22,10556.52,10599.39,10538.07,10576.31,10576.31,34912584
2024-11-25,10499.07,10504.82,10357.45,10439.13,10439.13,118121382
2024-11-26,10570.08,10580.81,10565.05,10576.13,10576.13,104558066
2024-11-27,10678.8,10698.56,10657.78,10671.84,10671.84,69388645
2024-11-28,10776.64,10790.58,10712.08,10748.58,10748.58,94954636
2024-11-29,10842.48,10929.14,10810.03,10826.38,10826.38,95156920
2024-12-02,10833.05,10863.43,10810.33,10828.17,10828.17,34136405
2024-12-03,10736.78,10752.64,10685.79,10725.04,10725.04,43767091
2024-12-04,10814.62,10852.31,10719.22,10737.2,10737.2,85534828
2024-12-05,10658.88,10678.51,10642.03,10660.72,10660.72,46668885
2024-12-06,10785.42,10848.69,10753.63,10778.92,10778.92,79233322
2024-12-09,10798.66,10818.61,10682.08,10764.73,10764.73,57562578
2024-12-10,10706.01,10711.75,10630.24,10670.62,10670.62,51281095
2024-12-11,10674.03,10697.93,10603.58,10636.15,10636.15,22361331
2024-12-12,10708.26,10792.37,10633.45,10687.78,10687.78,105044423
2024-12-13,10588.47,10684.76,10575.54,10624.9,10624.9,81394671
2024-12-16,10584.01,10647.19,10530.33,10532.4,10532.4,24348530
2024-12-17,10527.51,10571.39,10520.43,10563.83,10563.83,61837593
2024-12-18,10605.14,10697.0,10577.83,10595.52,10595.52,92265622
2024-12-19,10515.91,10657.35,10440.65,10539.76,10539.76,119057962
2024-12-20,10486.42,10521.9,10429.7,10488.43,10488.43,63484059
2024-12-23,10528.77,10555.14,10449.38,10518.4,10518.4,112393608
2024-12-24,10365.27,10458.61,10323.07,10355.28,10355.28,105543663
2024-12-25,10212.17,10239.87,10131.48,10199.26,10199.26,70394662
2024-12-26,10171.01,10211.07,10102.43,10122.01,10122.01,48875186
2024-12-27,10115.04,10146.44,10046.2,10101.3,10101.3,119160843
2024-12-30,10131.52,10147.47,10029.58,10138.94,10138.94,43254222
2024-12-31,10337.74,10362.14,10255.16,10307.92,10307.92,76242142
2025-01-01,10445.9,10549.27,10395.78,10408.75,10408.75,38012598
2025-01-02,10355.3,10432.44,10301.19,10393.57,10393.57,84384973
2025-01-03,10413.15,10469.0,10386.99,10394.52,10394.52,92337162
2025-01-06,10305.24,10317.56,10282.37,10283.6,10283.6,74864537
2025-01-07,10275.41,10391.25,10257.36,10284.59,10284.59,81912105
2025-01-08,10297.39,10344.73,10174.9,10255.07,10255.07,52502170
2025-01-09,10289.99,10424.87,10247.88,10294.62,10294.62,64362533
2025-01-10,10208.28,10222.88,10126.25,10204.43,10204.43,119699297
2025-01-13,10260.64,10322.49,10235.0,10265.98,10265.98,113572370
2025-01-14,10444.15,10546.42,10370.59,10443.66,10443.66,27775679
2025-01-15,10399.99,10498.45,10380.87,10434.3,10434.3,29929645
2025-01-16,10438.37,10509.69,10328.76,10483.66,10483.66,40809587
2025-01-17,10617.26,10641.97,10533.67,10566.72,10566.72,105417897
2025-01-20,10496.6,10528.92,10450.14,10523.34,10523.34,118506304
2025-01-21,10521.09,10692.0,10489.93,10552.48,10552.48,55569506
2025-01-22,10488.91,10636.44,10482.43,10557.11,10557.11,78077511
2025-01-23,10551.36,10585.04,10448.27,10571.63,10571.63,108606138
2025-01-24,10443.64,10509.78,10417.23,10485.26,10485.26,65905971
2025-01-27,10542.92,10600.15,10435.69,10491.24,10491.24,69270645
2025-01-28,10584.0,10589.18,10473.86,10552.03,10552.03,100037806
2025-01-29,10702.89,10741.56,10597.87,10725.04,10725.04,110505591
2025-01-30,10915.32,10936.7,10841.86,10842.06,10842.06,72134150
2025-01-31,11137.96,11152.94,11049.09,11105.25,11105.25,88571402
2025-02-03,11004.48,11034.11,10930.66,11015.21,11015.21,26379878
2025-02-04,11041.34,11159.33,11000.35,11124.75,11124.75,30463128
2025-02-05,11227.19,11247.94,11123.5,11150.56,11150.56,75541643
2025-02-06,11378.2,11447.38,11308.18,11425.84,11425.84,81152921
2025-02-07,11272.18,11329.75,11177.21,11328.09,11328.09,107820133
2025-02-10,11261.75,11325.16,11195.71,11227.31,11227.31,83872938
2025-02-11,11238.53,11241.42,11107.79,11156.87,11156.87,37509938
2025-02-12,10947.78,11044.84,10794.19,10902.51,10902.51,41857908
2025-02-13,10861.23,10929.76,10814.1,10842.89,10842.89,109911341
2025-02-14,10775.14,10823.94,10737.92,10755.95,10755.95,78576692
2025-02-17,10804.58,10839.9,10758.54,10776.99,10776.99,34058071
2025-02-18,10845.46,10877.76,10736.74,10820.83,10820.83,96698319
2025-02-19,11059.1,11135.1,11002.6,11049.78,11049.78,47616524
2025-02-20,11172.75,11292.06,11146.09,11169.26,11169.26,90984280
2025-02-21,11099.85,11276.11,11074.14,11101.93,11101.93,108924540
2025-02-24,10971.18,11054.12,10968.8,10996.06,10996.06,82738549
2025-02-25,11049.72,11071.38,11018.89,11059.04,11059.04,113490741
2025-02-26,10847.49,10905.85,10710.29,10902.86,10902.86,100969656
2025-02-27,11124.79,11143.96,11108.29,11128.08,11128.08,103377781
2025-02-28,11243.33,11306.16,11229.76,11276.77,11276.77,33398275
2025-03-03,11184.94,11258.29,11120.57,11222.09,11222.09,109924682
2025-03-04,11021.84,11052.46,10994.62,11015.9,11015.9,46859824
2025-03-05,11231.24,11236.27,11173.1,11184.54,11184.54,105276678
2025-03-06,11204.59,11215.65,11075.73,11173.81,11173.81,91655789
2025-03-07,11277.0,11338.96,11188.31,11330.39,11330.39,45897482
2025-03-10,11103.68,11147.59,11077.82,11136.74,11136.74,102556904
2025-03-11,11098.11,11161.02,11058.53,11066.88,11066.88,23775702
2025-03-12,11038.2,11103.69,11034.12,11070.83,11070.83,57644716
2025-03-13,11072.41,11242.78,11047.41,11079.88,11079.88,43547377
2025-03-14,11046.67,11082.9,11017.72,11028.47,11028.47,114674459
2025-03-17,11075.35,11118.44,11033.36,11107.62,11107.62,94007274
2025-03-18,10984.7,10985.73,10919.16,10981.23,10981.23,22455918
2025-03-19,10923.45,10988.64,10889.43,10967.34,10967.34,28053048
2025-03-20,10965.34,11046.9,10930.82,10985.16,10985.16,32194329
2025-03-21,11061.41,11113.82,11006.37,11050.81,11050.81,34042008
2025-03-24,11087.75,11184.05,11038.11,11140.99,11140.99,81086560
2025-03-25,11021.86,11044.3,10972.56,11007.32,11007.32,45476259
2025-03-26,10825.74,10878.97,10812.03,10826.37,10826.37,62101517
2025-03-27,11001.1,11076.99,10937.85,10982.9,10982.9,44365389
2025-03-28,11033.84,11068.41,11024.58,11026.43,11026.43,27955229
2025-03-31,10984.07,11031.43,10914.43,10939.3,10939.3,74062018
2025-04-01,11135.07,11188.14,11102.15,11130.89,11130.89,81158095
2025-04-02,11134.05,11177.01,11123.11,11148.41,11148.41,107574253
2025-04-03,11301.5,11342.48,11285.73,11297.36,11297.36,67152541
2025-04-04,11327.58,11356.81,11266.93,11309.15,11309.15,35239667
2025-04-07,11573.6,11610.72,11561.67,11571.9,11571.9,111895886
2025-04-08,11802.49,11827.98,11709.68,11801.05,11801.05,82648941
2025-04-09,11747.52,11819.42,11718.67,11772.31,11772.31,55534839
2025-04-10,11878.7,11947.26,11861.78,11902.37,11902.37,93252056
2025-04-11,11940.31,12062.04,11925.01,11990.76,11990.76,56832178
2025-04-14,12240.21,12283.56,12161.6,12176.3,12176.3,20801125
2025-04-15,12006.39,12072.53,12002.68,12051.36,12051.36,72718185
2025-04-16,12121.04,12211.28,12091.99,12146.29,12146.29,106884858
2025-04-17,12265.73,12293.85,12212.09,12292.22,12292.22,34775854
2025-04-18,12092.7,12146.02,12021.13,12060.32,12060.32,117402036
2025-04-21,11897.39,11917.64,11825.82,11907.93,11907.93,39470911
2025-04-22,11690.88,11734.42,11586.6,11647.28,11647.28,105654773
2025-04-23,11592.83,11655.52,11564.59,11616.3,11616.3,119786995
2025-04-24,11721.67,11730.14,11691.26,11711.87,11711.87,114265849
2025-04-25,11880.75,11957.79,11835.01,11910.6,11910.6,96807487
2025-04-28,12000.62,12019.1,11846.61,11923.88,11923.88,25254230
2025-04-29,12099.8,12258.04,12072.21,12143.06,12143.06,57411032
2025-04-30,11974.82,11987.59,11952.85,11963.7,11963.7,32901865
2025-05-01,11767.48,11767.55,11710.2,11745.14,11745.14,70433542
2025-05-02,11756.07,11804.1,11708.77,11741.49,11741.49,64476240
2025-05-05,11788.18,11833.62,11763.84,11794.74,11794.74,93297617
2025-05-06,11789.44,11849.32,11734.82,11794.04,11794.04,63547632
2025-05-07,11533.82,11626.53,11530.49,11532.3,11532.3,57221001
2025-05-08,11519.38,11568.41,11470.51,11524.46,11524.46,73560760
2025-05-09,11396.54,11440.37,11331.12,11363.68,11363.68,54603398
2025-05-12,11527.08,11581.25,11348.89,11451.14,11451.14,102620796
2025-05-13,11481.62,11548.56,11460.98,11500.86,11500.86,94984753
2025-05-14,11339.19,11397.02,11322.12,11385.98,11385.98,89198496
2025-05-15,11322.2,11340.18,11311.79,11325.2,11325.2,27834112
2025-05-16,11284.03,11397.09,11046.6,11197.37,11197.37,47006699
2025-05-19,11166.02,11228.57,11146.49,11193.01,11193.01,91908276
2025-05-20,11370.26,11440.72,11257.82,11314.62,11314.62,103199163
2025-05-21,11252.31,11255.68,11190.62,11195.96,11195.96,47534241
2025-05-22,11242.89,11277.21,11143.03,11261.59,11261.59,49361667
2025-05-23,11218.57,11294.89,11194.94,11199.45,11199.45,87068816
2025-05-26,11159.78,11232.81,11059.27,11105.53,11105.53,111615658
2025-05-27,11083.17,11263.31,11032.44,11095.79,11095.79,65949429
2025-05-28,10966.74,10983.53,10936.61,10973.44,10973.44,110693120
2025-05-29,10891.05,11008.31,10884.69,10910.09,10910.09,66016582
2025-05-30,10737.72,10837.23,10703.59,10770.51,10770.51,26355421
2025-06-02,10987.67,11020.65,10892.14,11009.11,11009.11,105449905
2025-06-03,10976.24,11043.77,10958.61,11016.69,11016.69,40805820
2025-06-04,10936.62,10980.75,10835.3,10935.5,10935.5,82198050
2025-06-05,10939.23,11017.93,10894.7,10964.56,10964.56,117615367
2025-06-06,10961.99,10988.1,10927.9,10954.3,10954.3,27433980
2025-06-09,10879.97,10958.62,10859.91,10930.99,10930.99,38301847
2025-06-10,11019.32,11077.73,10986.71,11008.39,11008.39,113466578
2025-06-11,11131.6,11285.19,10996.81,11103.83,11103.83,81065507
2025-06-12,10976.49,11064.2,10961.18,11042.54,11042.54,58778801
2025-06-13,10988.42,11016.39,10929.72,10976.11,10976.11,92070778
2025-06-16,10986.55,10987.95,10943.55,10946.23,10946.23,115098666
2025-06-17,10637.0,10770.17,10562.26,10675.74,10675.74,34390554
2025-06-18,10555.13,10591.79,10499.68,10502.43,10502.43,27595853
2025-06-19,10678.14,10699.99,10573.87,10664.74,10664.74,111537041
2025-06-20,10839.75,10891.19,10772.17,10862.72,10862.72,88015259
2025-06-23,10834.45,10844.51,10831.09,10836.26,10836.26,84750075
2025-06-24,10926.75,10971.68,10856.58,10908.47,10908.47,36188828
2025-06-25,10951.67,11013.05,10929.11,10949.17,10949.17,99325711
2025-06-26,11348.05,11348.07,11233.22,11329.74,11329.74,28288515
2025-06-27,11441.89,11474.11,11389.0,11473.58,11473.58,108691108
2025-06-30,11466.7,11485.5,11371.32,11460.88,11460.88,97805072
2025-07-01,11296.34,11353.25,11280.86,11344.45,11344.45,28884527
2025-07-02,11145.37,11195.08,11131.8,11149.09,11149.09,48447661
2025-07-03,11147.11,11225.88,11130.4,11177.42,11177.42,42048729
2025-07-04,11063.67,11124.63,10958.34,11088.14,11088.14,25005231
2025-07-07,10959.78,10976.43,10830.52,10919.29,10919.29,30698216
2025-07-08,10880.67,10953.89,10724.84,10845.16,10845.16,88456067
2025-07-09,10739.7,10783.7,10711.59,10720.11,10720.11,76998429
2025-07-10,10888.4,10950.21,10872.31,10924.2,10924.2,95964061
2025-07-11,11023.49,11082.21,10939.9,11033.97,11033.97,30781973
2025-07-14,11076.47,11091.02,10954.81,11036.31,11036.31,54741450
2025-07-15,11225.58,11236.45,11155.29,11220.81,11220.81,63635777
2025-07-16,11311.9,11360.02,11221.56,11233.73,11233.73,41874795
2025-07-17,11144.28,11151.93,11070.07,11131.15,11131.15,60966411
2025-07-18,11329.13,11351.25,11289.27,11322.61,11322.61,89376221
2025-07-21,11382.78,11399.23,11335.13,11393.35,11393.35,88908835
2025-07-22,11271.98,11286.94,11233.22,11267.47,11267.47,29532945
2025-07-23,11242.13,11280.05,11211.83,11247.28,11247.28,53059070
2025-07-24,11166.48,11302.64,11112.26,11142.81,11142.81,34517702
2025-07-25,11009.4,11016.79,10932.15,10977.89,10977.89,115525116
2025-07-28,11067.47,11172.55,11006.33,11093.63,11093.63,65525374
2025-07-29,11287.24,11384.98,11274.8,11332.5,11332.5,20573881
2025-07-30,11101.35,11216.73,11033.75,11162.84,11162.84,101602393
2025-07-31,11252.68,11322.23,11206.73,11235.56,11235.56,29407062
2025-08-01,11121.84,11163.72,11081.92,11158.78,11158.78,76628313
2025-08-04,11030.77,11113.43,11018.05,11102.47,11102.47,109779948
2025-08-05,11046.53,11080.65,10968.59,11033.67,11033.67,102188677
2025-08-06,11014.35,11031.76,10921.97,10932.58,10932.58,34242373
2025-08-07,10941.5,10975.39,10912.44,10941.7,10941.7,61163819
2025-08-08,10872.68,10938.13,10819.16,10845.4,10845.4,58807239
2025-08-11,10883.65,10891.24,10821.01,10880.98,10880.98,107764631
2025-08-12,10875.0,10902.71,10837.95,10878.23,10878.23,23301394
2025-08-13,10882.85,10882.88,10830.76,10852.93,10852.93,89936228
2025-08-14,10738.98,10780.65,10722.46,10748.34,10748.34,90463377
2025-08-15,10692.14,10769.33,10638.78,10683.57,10683.57,97933150
2025-08-18,10786.35,10910.18,10728.17,10775.95,10775.95,65069853
2025-08-19,10817.01,10868.57,10788.09,10838.74,10838.74,88722424
2025-08-20,10757.95,10823.61,10660.12,10726.03,10726.03,106179753
2025-08-21,10735.34,10768.27,10701.13,10740.98,10740.98,73807136
2025-08-22,10808.81,10841.38,10784.04,10833.37,10833.37,40080139
2025-08-25,10656.57,10680.72,10528.42,10639.44,10639.44,75975541
2025-08-26,10677.58,10784.19,10646.37,10706.43,10706.43,114773402
2025-08-27,10632.77,10650.14,10630.22,10631.87,10631.87,79147144
2025-08-28,10701.73,10718.1,10653.05,10702.02,10702.02,75436107
2025-08-29,10650.31,10683.45,10566.02,10615.73,10615.73,28103670
2025-09-01,10424.99,10484.36,10375.41,10410.17,10410.17,54104860
2025-09-02,10227.75,10281.67,10212.81,10228.52,10228.52,38866922
2025-09-03,10262.12,10266.01,10227.42,10237.0,10237.0,50836413
2025-09-04,10312.2,10346.77,10154.45,10269.37,10269.37,53467508
2025-09-05,10187.8,10242.4,10062.93,10170.78,10170.78,30117390
2025-09-08,10245.86,10325.46,10214.46,10245.55,10245.55,91414529
2025-09-09,10023.41,10104.16,10000.47,10063.01,10063.01,101417907
2025-09-10,10026.57,10077.65,9888.83,10058.72,10058.72,45562996
2025-09-11,9919.5,9973.37,9894.71,9928.59,9928.59,117534123
2025-09-12,9842.58,9903.49,9816.68,9860.61,9860.61,29003281
2025-09-15,9863.18,9924.25,9794.71,9868.71,9868.71,44529154
2025-09-16,9780.35,9838.51,9759.86,9778.68,9778.68,27660678
2025-09-17,9755.81,9835.93,9721.68,9740.33,9740.33,113765329
2025-09-18,9849.62,9896.06,9842.66,9851.7,9851.7,55284715
2025-09-19,9806.61,9837.91,9688.0,9792.32,9792.32,29142693
2025-09-22,9887.63,9903.87,9847.74,9885.72,9885.72,41807008
2025-09-23,9708.68,9796.01,9698.22,9766.56,9766.56,118236779
2025-09-24,9798.9,9853.32,9774.0,9826.59,9826.59,93498554
2025-09-25,9982.33,9994.78,9786.37,9986.65,9986.65,60320606
2025-09-26,9686.42,9723.69,9585.49,9721.71,9721.71,54306425
2025-09-29,9657.1,9705.49,9556.62,9639.75,9639.75,35678986
2025-09-30,9748.61,9784.72,9690.1,9704.05,9704.05,79445827
2025-10-01,9720.71,9745.66,9671.39,9685.3,9685.3,71159930
2025-10-02,9721.61,9738.96,9719.4,9727.84,9727.84,82155971
2025-10-03,9709.56,9757.83,9645.82,9666.33,9666.33,60170352
2025-10-06,9682.76,9806.81,9650.86,9678.44,9678.44,35234145
2025-10-07,9655.01,9674.01,9639.1,9664.78,9664.78,99600220
2025-10-08,9774.65,9910.8,9700.5,9792.67,9792.67,44090583
2025-10-09,9814.15,9861.59,9777.31,9823.06,9823.06,77691307
2025-10-10,9851.08,9863.51,9830.58,9862.56,9862.56,47740293
2025-10-13,9825.95,9838.86,9765.44,9820.93,9820.93,33552664
2025-10-14,9776.03,9777.13,9749.34,9771.32,9771.32,53872374
2025-10-15,9727.95,9754.56,9666.71,9727.86,9727.86,40671672
2025-10-16,9785.9,9843.68,9746.93,9773.09,9773.09,82565460
2025-10-17,9765.61,9820.02,9713.42,9730.86,9730.86,53891894
2025-10-20,9792.67,9827.7,9729.16,9764.85,9764.85,107814287
2025-10-21,9948.82,10029.22,9911.12,9993.34,9993.34,116819038
2025-10-22,10015.26,10114.71,9980.93,10092.59,10092.59,62364813
2025-10-23,10087.67,10088.66,9966.49,10059.47,10059.47,55985062
2025-10-24,10154.52,10230.64,10145.61,10196.33,10196.33,68702875
2025-10-27,10146.87,10183.76,10112.94,10153.71,10153.71,58117599
2025-10-28,9896.72,9949.17,9891.87,9931.58,9931.58,27463131
2025-10-29,9771.9,9853.19,9708.58,9825.01,9825.01,81550770
2025-10-30,9643.42,9648.33,9593.17,9627.78,9627.78,22795126
2025-10-31,9615.35,9689.82,9557.76,9593.5,9593.5,61169328
2025-11-03,9581.72,9657.79,9572.39,9598.32,9598.32,59117064
2025-11-04,9703.88,9851.66,9700.76,9779.9,9779.9,110284985
2025-11-05,9801.99,9826.17,9797.49,9818.08,9818.08,50535317
2025-11-06,9808.9,9811.39,9785.03,9797.38,9797.38,73059012
2025-11-07,9846.26,9898.72,9840.54,9890.14,9890.14,65566678
2025-11-10,9660.7,9672.48,9645.02,9655.39,9655.39,47883716
2025-11-11,9682.91,9694.16,9606.5,9683.35,9683.35,78807849
2025-11-12,9785.72,9858.61,9720.61,9768.74,9768.74,29079860
2025-11-13,9617.47,9694.46,9572.25,9614.03,9614.03,54456905
2025-11-14,9710.24,9779.01,9688.12,9738.67,9738.67,70457850
2025-11-17,9813.03,9818.1,9734.46,9777.93,9777.93,64117798
2025-11-18,9731.65,9816.28,9685.17,9736.29,9736.29,95616014
2025-11-19,9806.43,9815.86,9763.48,9807.23,9807.23,21417158
2025-11-20,10030.14,10141.85,9956.28,10058.3,10058.3,38613148
2025-11-21,10068.06,10082.52,10037.65,10081.46,10081.46,73004410
2025-11-24,10085.22,10123.73,10073.64,10112.06,10112.06,50566254
2025-11-25,10058.89,10127.52,9976.43,10064.11,10064.11,97141378
2025-11-26,10024.68,10055.57,9953.89,9973.46,9973.46,83539547
2025-11-27,10026.56,10086.88,9976.59,10067.99,10067.99,70281422
2025-11-28,9928.33,9992.47,9905.17,9976.62,9976.62,38292770
2025-12-01,10031.55,10095.84,9955.49,9987.47,9987.47,105470725
2025-12-02,9931.87,9965.83,9922.41,9938.11,9938.11,63390347
2025-12-03,9973.55,10049.15,9957.39,9993.61,9993.61,117897070
2025-12-04,10064.67,10077.07,9975.79,10033.37,10033.37,67484197
2025-12-05,10133.14,10176.87,10128.82,10151.58,10151.58,70283084
2025-12-08,10153.13,10211.01,9946.8,10097.82,10097.82,84060764
2025-12-09,10091.39,10171.14,10061.49,10070.9,10070.9,82467218
2025-12-10,9951.46,10016.63,9870.33,9966.05,9966.05,56785218
2025-12-11,9984.64,10025.12,9860.62,9920.44,9920.44,53432455
2025-12-12,9946.58,10027.34,9907.91,9964.68,9964.68,108562183
2025-12-15,10073.4,10085.18,10027.57,10051.02,10051.02,48616825
2025-12-16,9961.5,9984.73,9876.88,9952.56,9952.56,107302483
2025-12-17,10090.49,10140.31,10003.55,10051.24,10051.24,44416430
2025-12-18,10253.11,10257.01,10116.15,10205.31,10205.31,44467331
2025-12-19,10255.89,10272.29,10207.1,10254.9,10254.9,51499954
2025-12-22,10448.28,10479.9,10435.93,10471.95,10471.95,57175852
2025-12-23,10400.64,10444.07,10327.34,10386.31,10386.31,114663815
2025-12-24,10227.32,10355.22,10170.75,10248.15,10248.15,68815958
2025-12-25,10113.32,10194.62,10011.16,10052.6,10052.6,107829519
2025-12-26,10226.66,10236.1,10191.36,10222.47,10222.47,35111500
2025-12-29,10288.12,10403.62,10260.91,10299.41,10299.41,33028847
2025-12-30,10301.9,10302.25,10241.81,10296.2,10296.2,81597704
2025-12-31,10289.3,10340.87,10226.38,10331.06,10331.06,54806093
2026-01-01,10177.25,10225.25,10164.08,10207.0,10207.0,115739212
2026-01-02,10526.25,10535.74,10469.99,10488.48,10488.48,105000180
2026-01-05,10485.84,10578.67,10455.94,10506.55,10506.55,94925048
2026-01-06,10489.31,10638.73,10393.82,10522.36,10522.36,68503110
2026-01-07,10626.96,10708.44,10595.55,10609.88,10609.88,38286606
2026-01-08,10707.32,10783.55,10567.35,10669.37,10669.37,75043685
2026-01-09,10721.96,10736.25,10695.21,10698.88,10698.88,62258657
2026-01-12,10641.14,10663.98,10536.85,10609.44,10609.44,63036055
2026-01-13,10643.58,10699.2,10537.83,10667.8,10667.8,108356836
2026-01-14,10847.75,10981.27,10798.32,10894.22,10894.22,78811819
2026-01-15,11109.78,11135.46,11054.12,11059.97,11059.97,81569024
2026-01-16,11247.98,11372.84,11176.91,11258.88,11258.88,96843273
2026-01-19,11190.68,11275.44,11143.32,11199.1,11199.1,56382186
2026-01-20,11125.33,11135.89,11051.07,11081.18,11081.18,92062663
2026-01-21,11087.65,11124.35,11058.12,11069.18,11069.18,85981367
2026-01-22,11094.44,11118.07,11064.66,11079.29,11079.29,80411248
2026-01-23,11289.66,11290.75,11145.45,11216.81,11216.81,83082456
2026-01-26,10991.96,11048.55,10951.7,11013.22,11013.22,78570763
2026-01-27,11234.63,11262.04,11187.27,11203.45,11203.45,85633624
2026-01-28,11189.26,11290.21,11094.78,11187.35,11187.35,28351184
2026-01-29,11147.25,11157.89,11084.81,11138.28,11138.28,85431227
2026-01-30,11068.79,11108.63,11011.51,11018.27,11018.27,49025773
2026-02-02,10839.25,10909.34,10817.71,10822.76,10822.76,99721839
2026-02-03,10942.12,10994.45,10862.75,10924.48,10924.48,62197411
2026-02-04,10971.76,10997.68,10804.7,10936.57,10936.57,81803384
2026-02-05,10773.91,10865.76,10692.22,10785.72,10785.72,109143466
2026-02-06,10609.57,10655.26,10577.63,10636.35,10636.35,33856901
2026-02-09,10567.09,10616.91,10563.28,10600.31,10600.31,63105220
2026-02-10,10736.25,10800.0,10724.86,10799.96,10799.96,69309098
2026-02-11,10838.85,10906.62,10721.13,10772.4,10772.4,87529752
2026-02-12,10563.85,10630.96,10559.76,10598.93,10598.93,95404817
2026-02-13,10566.47,10620.13,10552.85,10573.49,10573.49,113637821
2026-02-16,10536.22,10568.81,10470.8,10544.98,10544.98,50663820
2026-02-17,10249.26,10273.35,10222.71,10239.82,10239.82,39973915
2026-02-18,10261.83,10275.47,10228.83,10236.77,10236.77,81237905
2026-02-19,10240.23,10262.59,10116.44,10213.87,10213.87,89319994
2026-02-20,10277.47,10298.88,10233.25,10295.48,10295.48,37984955
2026-02-23,10504.9,10620.51,10483.17,10510.17,10510.17,78508606
2026-02-24,10653.44,10666.6,10543.95,10644.41,10644.41,80921272
2026-02-25,10608.24,10635.18,10578.72,10616.16,10616.16,92239282
2026-02-26,10541.46,10575.59,10420.82,10490.87,10490.87,100086071
2026-02-27,10811.22,10851.45,10769.09,10795.32,10795.32,39494042
2026-03-02,10829.42,10839.23,10722.0,10805.6,10805.6,88597407
2026-03-03,10831.99,10867.16,10751.97,10810.49,10810.49,109739374
2026-03-04,10848.93,10920.6,10785.4,10810.87,10810.87,51905928
2026-03-05,10843.59,10920.55,10832.63,10837.7,10837.7,59483623
2026-03-06,10781.64,10856.25,10710.17,10823.75,10823.75,93525979
2026-03-09,10771.79,10872.32,10689.65,10758.89,10758.89,118232800
2026-03-10,10676.67,10751.47,10602.09,10697.58,10697.58,115427651
2026-03-11,10679.97,10733.55,10648.8,10696.93,10696.93,109473837
2026-03-12,10655.08,10697.2,10581.15,10636.37,10636.37,104997368
2026-03-13,10595.67,10700.05,10476.26,10556.46,10556.46,40075489
2026-03-16,10572.67,10619.86,10422.29,10572.0,10572.0,63714543
2026-03-17,10555.32,10619.24,10521.76,10545.55,10545.55,102551106
2026-03-18,10779.45,10818.84,10695.1,10724.68,10724.68,44093575
2026-03-19,10427.11,10427.85,10357.05,10419.58,10419.58,99947269
2026-03-20,10630.94,10681.64,10524.18,10548.61,10548.61,62547151
2026-03-23,10715.55,10737.36,10675.39,10697.4,10697.4,32299695
2026-03-24,10404.07,10495.21,10344.04,10459.32,10459.32,110209766
2026-03-25,10446.65,10452.18,10325.65,10423.09,10423.09,97941341
2026-03-26,10395.58,10425.96,10363.54,10383.71,10383.71,113022636
2026-03-27,10266.82,10368.28,10217.51,10227.25,10227.25,98056716
2026-03-30,10163.64,10243.13,10120.37,10143.16,10143.16,76925892
2026-03-31,10018.84,10104.05,9993.3,10023.01,10023.01,33811224
2026-04-01,10183.6,10226.47,10181.84,10221.14,10221.14,104717715
2026-04-02,10323.5,10376.4,10195.06,10329.98,10329.98,117846389
2026-04-03,10451.89,10548.33,10417.49,10478.63,10478.63,89853550
2026-04-06,10546.91,10575.3,10522.99,10565.31,10565.31,107116625
2026-04-07,10456.47,10504.65,10386.77,10438.04,10438.04,111464769
2026-04-08,10433.1,10439.76,10378.04,10381.1,10381.1,87340278
2026-04-09,10452.62,10531.6,10416.94,10440.26,10440.26,99948588
2026-04-10,10266.97,10378.7,10249.39,10303.94,10303.94,47229553
2026-04-13,10402.04,10402.67,10379.33,10388.19,10388.19,103693742
2026-04-14,10401.08,10466.21,10313.98,10363.87,10363.87,89510974
2026-04-15,10305.44,10343.1,10294.79,10324.32,10324.32,21643083
2026-04-16,10404.32,10454.66,10372.58,10408.51,10408.51,63958766
2026-04-17,10463.09,10485.11,10454.42,10462.63,10462.63,31791470
2026-04-20,10399.75,10560.03,10369.25,10424.3,10424.3,46576632
2026-04-21,10581.8,10592.32,10549.42,10561.26,10561.26,116456118
2026-04-22,10435.75,10462.34,10398.46,10439.54,10439.54,25050058
2026-04-23,10526.9,10548.18,10405.9,10513.66,10513.66,20021650
2026-04-24,10557.47,10651.06,10496.29,10585.66,10585.66,73355494
2026-04-27,10538.99,10609.35,10521.27,10552.84,10552.84,114147892
2026-04-28,10616.9,10653.01,10571.4,10593.94,10593.94,97836661
2026-04-29,10440.59,10514.6,10378.09,10452.28,10452.28,69363500
2026-04-30,10616.95,10711.37,10489.79,10562.23,10562.23,45372075
2026-05-01,10531.29,10560.78,10493.93,10543.93,10543.93,110711767
2026-05-04,10493.69,10520.15,10471.49,10486.62,10486.62,44556224
2026-05-05,10641.2,10645.54,10569.93,10611.51,10611.51,34701106
2026-05-06,10487.96,10551.09,10396.98,10532.78,10532.78,109906090
2026-05-07,10319.16,10399.23,10274.95,10373.96,10373.96,60676214
2026-05-08,10154.21,10235.36,10126.0,10200.9,10200.9,99567573
2026-05-11,10311.12,10312.88,10261.71,10272.21,10272.21,91622071
2026-05-12,10114.81,10186.66,10054.01,10131.58,10131.58,96914165
2026-05-13,10411.44,10467.97,10311.7,10332.15,10332.15,51239442
2026-05-14,10084.15,10135.56,10068.14,10101.25,10101.25,113169489
2026-05-15,10300.3,10359.47,10277.47,10294.6,10294.6,72056502
2026-05-18,10369.37,10403.92,10316.8,10321.62,10321.62,117283803
2026-05-19,10375.81,10399.81,10286.44,10313.74,10313.74,79103067
2026-05-20,10318.6,10407.64,10177.52,10255.18,10255.18,75027643
2026-05-21,10340.75,10375.78,10286.83,10303.4,10303.4,88117178
2026-05-22,10333.87,10395.57,10211.82,10302.22,10302.22,106379410
2026-05-25,10449.69,10500.95,10430.18,10431.14,10431.14,113992475
2026-05-26,10471.79,10496.1,10435.62,10447.39,10447.39,118421626
2026-05-27,10450.51,10492.0,10414.31,10467.82,10467.82,43507635
2026-05-28,10403.56,10470.01,10337.53,10429.16,10429.16,117380604
2026-05-29,10425.65,10438.87,10336.9,10425.76,10425.76,104597796
2026-06-01,10458.91,10495.52,10448.33,10464.26,10464.26,39544473
2026-06-02,10258.36,10345.38,10174.66,10272.33,10272.33,85017442
2026-06-03,10145.3,10233.51,10087.04,10124.15,10124.15,84370273
2026-06-04,10239.59,10289.7,10117.51,10210.32,10210.32,61096674
2026-06-05,10235.32,10239.68,10192.94,10232.6,10232.6,115110311
2026-06-08,10260.26,10301.72,10186.73,10214.98,10214.98,94467919
2026-06-09,10185.11,10262.55,10173.19,10220.12,10220.12,103800357
2026-06-10,10256.38,10289.15,10243.64,10262.34,10262.34,104231510
2026-06-11,10182.71,10226.0,10121.59,10204.65,10204.65,45994235
2026-06-12,10064.02,10191.62,10056.96,10120.7,10120.7,63883023
2026-06-15,10143.05,10178.56,10043.29,10145.57,10145.57,53511963
2026-06-16,10036.31,10115.43,9980.25,10039.98,10039.98,102489327
2026-06-17,10133.99,10187.3,10078.82,10088.19,10088.19,101260962
2026-06-18,9922.73,9972.24,9888.63,9903.98,9903.98,110198459
2026-06-19,9988.96,10038.98,9986.13,10019.75,10019.75,54401837
2026-06-22,10131.03,10143.71,10013.59,10074.99,10074.99,67582023
2026-06-23,10143.46,10244.67,10007.85,10106.44,10106.44,30680555
2026-06-24,10237.19,10396.37,10212.01,10219.34,10219.34,69063350
2026-06-25,10404.34,10443.0,10309.76,10411.41,10411.41,70565110
2026-06-26,10501.08,10541.04,10461.19,10531.39,10531.39,59897301
2026-06-29,10311.85,10350.97,10306.98,10323.38,10323.38,39763284
2026-06-30,10215.4,10260.74,10160.78,10182.14,10182.14,23401447
2026-07-01,10172.63,10188.94,10071.74,10115.44,10115.44,31038804
2026-07-02,10168.24,10259.51,10056.63,10121.38,10121.38,117851288
2026-07-03,10167.3,10193.94,10114.34,10182.23,10182.23,32176872
2026-07-06,10070.36,10129.44,10040.97,10104.3,10104.3,109401408
2026-07-07,10132.39,10166.13,10121.56,10128.11,10128.11,65643397
2026-07-08,9994.02,10068.5,9965.04,10047.32,10047.32,70205334
2026-07-09,9992.63,10034.55,9947.67,9982.96,9982.96,112684914
2026-07-10,9828.27,9862.97,9786.23,9832.63,9832.63,75701567
2026-07-13,9722.58,9763.37,9642.4,9736.19,9736.19,72096342
2026-07-14,9549.48,9648.16,9498.36,9595.38,9595.38,84650154
2026-07-15,9510.41,9531.31,9461.14,9495.78,9495.78,76803178
2026-07-16,9594.0,9646.78,9576.66,9609.36,9609.36,72138902
2026-07-17,9478.99,9534.15,9417.7,9512.38,9512.38,80392605
2026-07-20,9710.39,9876.79,9682.59,9794.79,9794.79,25002828
2026-07-21,9850.22,9851.31,9828.03,9851.04,9851.04,20131562
2026-07-22,9926.54,9959.74,9781.73,9874.05,9874.05,46218129
2026-07-23,9832.95,9886.63,9727.35,9784.19,9784.19,76235862
2026-07-24,9849.29,9881.9,9835.34,9862.81,9862.81,42367456
2026-07-27,9785.79,9837.59,9771.07,9803.5,9803.5,32841272
2026-07-28,9833.42,9875.17,9760.23,9819.61,9819.61,68593510
2026-07-29,10072.84,10117.95,10053.25,10103.1,10103.1,115441814
2026-07-30,10104.6,10108.22,10082.76,10095.46,10095.46,30782554
2026-07-31,10250.47,10328.26,10217.03,10226.96,10226.96,53444652
2026-08-03,10188.57,10206.76,10112.85,10151.21,10151.21,45136043
2026-08-04,10147.3,10195.53,10094.09,10150.35,10150.35,117097169
2026-08-05,10346.78,10382.88,10261.14,10353.11,10353.11,48576855
2026-08-06,10257.95,10310.78,10233.14,10285.04,10285.04,84419118
2026-08-07,10469.26,10497.91,10437.21,10495.29,10495.29,39501490
2026-08-10,10573.31,10580.87,10547.34,10580.5,10580.5,67596201
2026-08-11,10529.98,10564.75,10499.56,10518.39,10518.39,38371718
2026-08-12,10624.03,10661.15,10587.61,10594.99,10594.99,71819951
2026-08-13,10686.35,10734.71,10646.83,10712.16,10712.16,25982547
2026-08-14,10837.23,10863.89,10685.92,10788.92,10788.92,70850138
2026-08-17,10598.72,10635.25,10528.86,10607.35,10607.35,67942277
2026-08-18,10525.33,10639.33,10521.5,10526.0,10526.0,97571418
2026-08-19,10476.99,10558.14,10455.44,10500.53,10500.53,52010888
2026-08-20,10418.76,10520.21,10414.11,10495.09,10495.09,41006444
2026-08-21,10598.19,10643.91,10568.17,10570.16,10570.16,46427192
2026-08-24,10617.43,10654.25,10502.31,10594.02,10594.02,84397086
2026-08-25,10433.86,10463.14,10355.87,10442.67,10442.67,55457556
2026-08-26,10491.69,10547.29,10487.41,10489.58,10489.58,89901401
2026-08-27,10579.79,10612.43,10540.04,10563.44,10563.44,76586535
